Nodes,Faults,Protocol,Target Block Time,Rate,Genesis hours in the past,Tx size,Height,Blocksize,Latency (from request),Latency (from preprepare),Time spent in PBFT,Time spent in ROAST,Time spent in Bitcoin
22,0,fbft,20,0.0,1.0,16384,198,4986,0.21087408065795898,0.17614507675170898,0.12106990814208984,0.05507516860961914,0.009849071502685547
22,0,fbft,20,0.0,1.0,16384,199,4986,0.2737710475921631,0.17952394485473633,0.12289595603942871,0.05662798881530762,0.01244497299194336
22,0,fbft,20,0.0,1.0,16384,200,3431,0.2320690155029297,0.16777992248535156,0.1120150089263916,0.05576491355895996,0.009618997573852539
22,0,fbft,20,0.0,1.0,16384,201,4986,0.20450997352600098,0.18787693977355957,0.130828857421875,0.05704808235168457,0.011061906814575195
22,0,fbft,20,0.0,1.0,16384,202,4986,0.17976593971252441,0.17927289009094238,0.12366986274719238,0.05560302734375,0.011258125305175781
22,0,fbft,20,0.0,1.0,16384,203,3432,0.645658016204834,0.572545051574707,0.1112210750579834,0.46132397651672363,0.010596990585327148
22,0,fbft,20,0.0,1.0,16384,204,4986,0.26923203468322754,0.1776261329650879,0.12075114250183105,0.056874990463256836,0.009986162185668945
22,0,fbft,20,0.0,1.0,16384,205,4986,0.24166202545166016,0.18154597282409668,0.12630200386047363,0.05524396896362305,0.01278996467590332
22,0,fbft,20,2.88,0.5,32768,111,1788734,12.69963002204895,12.698600053787231,8.733335018157959,3.9652650356292725,1.0455429553985596
22,0,fbft,20,2.88,0.5,32768,112,1776680,14.352703094482422,14.347033977508545,9.063592910766602,5.283441066741943,1.0380480289459229
22,0,fbft,20,2.88,0.5,32768,113,1788154,12.780150890350342,12.777050971984863,8.807085037231445,3.969965934753418,1.0399260520935059
22,0,fbft,20,2.88,0.5,32768,114,1790299,12.612112045288086,12.608137130737305,8.648845195770264,3.959291934967041,1.0439250469207764
22,0,fbft,20,2.88,0.5,32768,115,1775317,11.545114994049072,11.541938066482544,8.936654090881348,2.6052839756011963,1.0407450199127197
22,0,fbft,20,2.88,0.5,32768,116,1784161,11.643141031265259,11.640110969543457,8.744384050369263,2.8957269191741943,1.0499920845031738
22,0,fbft,20,2.88,0.5,32768,117,1801631,12.955888032913208,12.95251202583313,8.750603914260864,4.201908111572266,1.0516281127929688
22,0,fbft,20,2.88,0.5,32768,118,1765766,12.669936895370483,12.667809963226318,8.699402093887329,3.9684078693389893,1.04305100440979
22,0,fbft,20,2.88,0.5,32768,111,1776585,11.6144380569458,11.61360216140747,8.753499031066895,2.860103130340576,1.0350379943847656
22,0,fbft,20,2.88,0.5,32768,112,1794884,11.826653957366943,11.823174953460693,9.160423994064331,2.6627509593963623,1.0437400341033936
22,0,fbft,20,2.88,0.5,32768,113,1788141,11.35730504989624,11.355555057525635,8.718730926513672,2.636824131011963,1.0480260848999023
22,0,fbft,20,2.88,0.5,32768,114,1774947,11.387419939041138,11.381263971328735,8.766040086746216,2.6152238845825195,1.0347959995269775
22,0,fbft,20,2.88,0.5,32768,115,1769627,11.393560886383057,11.391080856323242,8.624125957489014,2.7669548988342285,1.034080982208252
22,0,fbft,20,2.88,0.5,32768,116,1794973,11.51364803314209,11.508449077606201,8.767441987991333,2.741007089614868,1.0467071533203125
22,0,fbft,20,2.88,0.5,32768,117,1771492,11.33879804611206,11.334367036819458,8.721529006958008,2.61283802986145,1.0295131206512451
22,0,fbft,20,2.88,0.5,32768,118,1777270,11.491517066955566,11.488630056381226,8.84495496749878,2.6436750888824463,1.0532429218292236
22,0,fbft,20,2.88,0.5,32768,111,1781249,11.494750022888184,11.489541053771973,8.754471063613892,2.735069990158081,1.0314600467681885
22,0,fbft,20,2.88,0.5,32768,112,1781250,11.799401998519897,11.796183109283447,9.129651069641113,2.666532039642334,1.0352928638458252
22,0,fbft,20,2.88,0.5,32768,113,1781412,11.289643049240112,11.288021087646484,8.689190149307251,2.5988309383392334,1.0543808937072754
22,0,fbft,20,2.88,0.5,32768,114,1768329,11.330995082855225,11.327566146850586,8.734663009643555,2.5929031372070312,1.0470387935638428
22,0,fbft,20,2.88,0.5,32768,115,1764066,11.410099029541016,11.403872013092041,8.68666696548462,2.717205047607422,1.041213035583496
22,0,fbft,20,2.88,0.5,32768,116,1761548,12.654391050338745,12.649975061416626,8.713144063949585,3.936830997467041,1.0483460426330566
22,0,fbft,20,2.88,0.5,32768,117,1788135,12.71554708480835,12.71268606185913,8.698222875595093,4.014463186264038,1.051116943359375
22,0,fbft,20,2.88,0.5,32768,118,1801355,11.452729940414429,11.44975996017456,8.784349918365479,2.665410041809082,1.0633478164672852
10,0,fbft,20,0.0,1.0,16384,194,4986,0.16453099250793457,0.11810493469238281,0.07868790626525879,0.03941702842712402,0.009423971176147461
10,0,fbft,20,0.0,1.0,16384,195,3432,0.12066006660461426,0.09565997123718262,0.06453394889831543,0.031126022338867188,0.007639884948730469
10,0,fbft,20,0.0,1.0,16384,196,4986,0.18371200561523438,0.10828495025634766,0.07402491569519043,0.03426003456115723,0.008597850799560547
10,0,fbft,20,0.0,1.0,16384,197,4985,0.15952706336975098,0.1203010082244873,0.07434201240539551,0.0459589958190918,0.009282112121582031
10,0,fbft,20,0.0,1.0,16384,198,4320,0.46353602409362793,0.4425079822540283,0.4098670482635498,0.032640933990478516,0.009413003921508789
10,0,fbft,20,0.0,1.0,16384,199,4098,0.11602091789245605,0.10597395896911621,0.07307100296020508,0.03290295600891113,0.008420944213867188
10,0,fbft,20,0.0,1.0,16384,200,4986,0.1837749481201172,0.11677694320678711,0.08349800109863281,0.0332789421081543,0.009171009063720703
10,0,fbft,20,0.0,1.0,16384,201,4986,0.1671919822692871,0.11145901679992676,0.07823395729064941,0.033225059509277344,0.008755922317504883
16,0,fbft,20,0.0,1.0,16384,196,4098,0.7352159023284912,0.716331958770752,0.5156381130218506,0.20069384574890137,0.009883880615234375
16,0,fbft,20,0.0,1.0,16384,197,4320,0.23526310920715332,0.13622212409973145,0.09285902976989746,0.043363094329833984,0.008733034133911133
16,0,fbft,20,0.0,1.0,16384,198,4986,0.1408219337463379,0.14036297798156738,0.09689998626708984,0.04346299171447754,0.009315967559814453
16,0,fbft,20,0.0,1.0,16384,199,4986,0.23078489303588867,0.21676397323608398,0.17188000679016113,0.04488396644592285,0.010796070098876953
16,0,fbft,20,0.0,1.0,16384,200,3432,0.13672089576721191,0.12839794158935547,0.08706402778625488,0.041333913803100586,0.007999897003173828
16,0,fbft,20,0.0,1.0,16384,201,4986,0.14820504188537598,0.14261412620544434,0.09823417663574219,0.04437994956970215,0.010863065719604492
16,0,fbft,20,0.0,1.0,16384,202,4986,0.16959500312805176,0.14884495735168457,0.10402488708496094,0.04482007026672363,0.010847091674804688
16,0,fbft,20,0.0,1.0,16384,203,3654,1.2466790676116943,1.2063181400299072,0.6047470569610596,0.6015710830688477,0.010373115539550781
16,0,fbft,20,0.0,1.0,16384,204,4764,0.14382600784301758,0.139693021774292,0.09639406204223633,0.043298959732055664,0.009211063385009766
10,0,fbft,20,2.87,1.0,16384,194,864915,5.63835597038269,5.547018051147461,4.273936033248901,1.2730820178985596,0.5280890464782715
10,0,fbft,20,2.87,1.0,16384,195,1049064,6.4289140701293945,6.416291952133179,4.889241933822632,1.5270500183105469,0.6315569877624512
10,0,fbft,20,2.87,1.0,16384,196,989834,6.777786016464233,6.6981260776519775,4.700945138931274,1.9971809387207031,0.5840311050415039
10,0,fbft,20,2.87,1.0,16384,197,873493,5.615350008010864,5.58817195892334,4.3088579177856445,1.2793140411376953,0.5260767936706543
10,0,fbft,20,2.87,1.0,16384,198,944766,5.892596960067749,5.79513692855835,4.407026052474976,1.388110876083374,0.5639801025390625
10,0,fbft,20,2.87,1.0,16384,199,968239,6.415515899658203,6.34890079498291,4.718739986419678,1.6301608085632324,0.5821712017059326
10,0,fbft,20,2.87,1.0,16384,200,916752,5.758033990859985,5.718456983566284,4.381638050079346,1.3368189334869385,0.5525150299072266
10,0,fbft,20,2.87,1.0,16384,201,943901,5.9946959018707275,5.963951826095581,4.585309982299805,1.3786418437957764,0.5721049308776855
16,0,fbft,20,1.43,1.0,16384,196,459655,3.370244026184082,3.2789130210876465,2.580872058868408,0.6980409622192383,0.2830018997192383
16,0,fbft,20,1.43,1.0,16384,197,430614,3.190674066543579,3.182953119277954,2.154703140258789,1.028249979019165,0.2822761535644531
16,0,fbft,20,1.43,1.0,16384,198,488154,3.3795769214630127,3.3632888793945312,2.529263973236084,0.8340249061584473,0.29787302017211914
16,0,fbft,20,1.43,1.0,16384,199,508999,3.477461099624634,3.411875009536743,2.643770933151245,0.768104076385498,0.30491089820861816
16,0,fbft,20,1.43,1.0,16384,200,438315,3.497602939605713,3.413686990737915,2.3043060302734375,1.1093809604644775,0.2706139087677002
16,0,fbft,20,1.43,1.0,16384,201,491293,3.1363699436187744,3.1265509128570557,2.3832409381866455,0.7433099746704102,0.2982141971588135
16,0,fbft,20,1.43,1.0,16384,202,479208,3.255703926086426,3.2296478748321533,2.501836061477661,0.7278118133544922,0.2967219352722168
16,0,fbft,20,1.43,1.0,16384,203,490229,3.5551071166992188,3.507139205932617,2.5400550365448,0.9670841693878174,0.3059101104736328
4,0,fbft,20,2.88,0.5,32768,106,1741070,10.71459698677063,10.713588953018188,8.085347890853882,2.6282410621643066,1.038607120513916
4,0,fbft,20,2.88,0.5,32768,107,1781412,10.635519027709961,10.633490085601807,8.057459115982056,2.576030969619751,1.0403358936309814
4,0,fbft,20,2.88,0.5,32768,108,1788001,10.687660932540894,10.68497896194458,8.096638917922974,2.5883400440216064,1.0437960624694824
4,0,fbft,20,2.88,0.5,32768,109,1770868,9.822743892669678,9.82005500793457,8.410341024398804,1.4097139835357666,1.0385169982910156
4,0,fbft,20,2.88,0.5,32768,110,1801637,9.826977014541626,9.823949098587036,8.386751174926758,1.4371979236602783,1.052483081817627
4,0,fbft,20,2.88,0.5,32768,111,1807504,12.296349048614502,12.290624141693115,8.262795209884644,4.027828931808472,1.0456948280334473
4,0,fbft,20,2.88,0.5,32768,112,1761298,9.395271062850952,9.390969038009644,8.085133075714111,1.3058359622955322,1.0572659969329834
4,0,fbft,20,2.88,0.5,32768,113,1808079,9.470107078552246,9.468798160552979,8.155434131622314,1.313364028930664,1.0474910736083984
4,0,fbft,20,2.88,0.5,32768,106,1741458,9.394159078598022,9.390887975692749,8.02285385131836,1.3680341243743896,1.0338590145111084
4,0,fbft,20,2.88,0.5,32768,107,1808386,11.00166392326355,11.000223875045776,8.279167890548706,2.7210559844970703,1.044724941253662
4,0,fbft,20,2.88,0.5,32768,108,1793130,9.408423900604248,9.405802011489868,8.109645128250122,1.296156883239746,1.046929121017456
4,0,fbft,20,2.88,0.5,32768,109,1801639,10.717031955718994,10.71273398399353,8.13062596321106,2.5821080207824707,1.040234088897705
4,0,fbft,20,2.88,0.5,32768,110,1761835,9.949222087860107,9.944941997528076,8.521866798400879,1.4230751991271973,1.0463931560516357
4,0,fbft,20,2.88,0.5,32768,111,1781795,9.435226917266846,9.433077812194824,8.081220865249634,1.3518569469451904,1.0392711162567139
4,0,fbft,20,2.88,0.5,32768,112,1794384,9.543673038482666,9.538025140762329,8.24084210395813,1.2971830368041992,1.0416240692138672
4,0,fbft,20,2.88,0.5,32768,113,1766370,9.295496940612793,9.290411949157715,8.011550903320312,1.2788610458374023,1.0410950183868408
4,0,fbft,20,2.88,0.5,32768,106,1801481,9.54410195350647,9.541101932525635,8.147077083587646,1.3940248489379883,1.0394518375396729
4,0,fbft,20,2.88,0.5,32768,107,1794886,9.478734970092773,9.475746870040894,8.17920184135437,1.2965450286865234,1.039942979812622
4,0,fbft,20,2.88,0.5,32768,108,1781401,9.377527952194214,9.374080896377563,8.077942848205566,1.296138048171997,1.044193983078003
4,0,fbft,20,2.88,0.5,32768,109,1797646,9.432750940322876,9.428845882415771,8.134345054626465,1.2945008277893066,1.0383470058441162
4,0,fbft,20,2.88,0.5,32768,110,1767107,9.773066997528076,9.767163038253784,8.479058980941772,1.2881040573120117,1.0355608463287354
4,0,fbft,20,2.88,0.5,32768,111,1781607,9.47365689277649,9.471840858459473,8.099662065505981,1.3721787929534912,1.0469701290130615
4,0,fbft,20,2.88,0.5,32768,112,1770001,9.37168002128601,9.365986108779907,8.07859206199646,1.2873940467834473,1.033445119857788
4,0,fbft,20,2.88,0.5,32768,113,1781402,10.664026021957397,10.662544012069702,8.106957912445068,2.555586099624634,1.0424718856811523
4,0,fbft,20,2.87,1.0,16384,192,966762,5.3055479526519775,5.30295991897583,4.407800912857056,0.8951590061187744,0.5780849456787109
4,0,fbft,20,2.87,1.0,16384,193,927370,5.028014898300171,5.011829853057861,4.3251800537109375,0.6866497993469238,0.5574989318847656
4,0,fbft,20,2.87,1.0,16384,194,983049,5.300002098083496,5.219442129135132,4.493336915969849,0.7261052131652832,0.5941529273986816
4,0,fbft,20,2.87,1.0,16384,195,876210,4.756175994873047,4.719042062759399,4.053495168685913,0.6655468940734863,0.530379056930542
4,0,fbft,20,2.87,1.0,16384,196,1019131,5.595541000366211,5.541671991348267,4.786536931991577,0.7551350593566895,0.6012210845947266
4,0,fbft,20,2.87,1.0,16384,197,910703,5.033747911453247,4.971977949142456,4.305969953536987,0.6660079956054688,0.5451228618621826
4,0,fbft,20,2.87,1.0,16384,198,954785,5.136048078536987,5.077104091644287,4.379868984222412,0.697235107421875,0.5720889568328857
4,0,fbft,20,2.87,1.0,16384,199,959155,5.3436501026153564,5.29997706413269,4.595922946929932,0.7040541172027588,0.5712049007415771
4,0,fbft,20,0.0,1.0,16384,192,4985,0.10600805282592773,0.06775307655334473,0.05315113067626953,0.014601945877075195,0.008411169052124023
4,0,fbft,20,0.0,1.0,16384,193,4098,0.7845840454101562,0.7280919551849365,0.5231058597564697,0.2049860954284668,0.009781122207641602
4,0,fbft,20,0.0,1.0,16384,194,4320,0.07580804824829102,0.06434798240661621,0.050180912017822266,0.014167070388793945,0.0075778961181640625
4,0,fbft,20,0.0,1.0,16384,195,4985,0.08388400077819824,0.06777310371398926,0.05314898490905762,0.01462411880493164,0.009269952774047852
4,0,fbft,20,0.0,1.0,16384,196,4764,0.11803793907165527,0.09393000602722168,0.07946109771728516,0.014468908309936523,0.009325981140136719
4,0,fbft,20,0.0,1.0,16384,197,3653,0.11348795890808105,0.05820202827453613,0.04461312294006348,0.013588905334472656,0.007475852966308594
4,0,fbft,20,0.0,1.0,16384,198,4985,0.11606407165527344,0.06764006614685059,0.05317401885986328,0.014466047286987305,0.008415937423706055
4,0,fbft,20,0.0,1.0,16384,199,4986,0.16690611839294434,0.06730103492736816,0.05283999443054199,0.014461040496826172,0.008149862289428711
4,0,fbft,20,1.43,1.0,16384,192,467216,2.522736072540283,2.508042097091675,2.1611311435699463,0.3469109535217285,0.2807128429412842
4,0,fbft,20,1.43,1.0,16384,193,475350,2.815664052963257,2.747838020324707,2.394296884536743,0.35354113578796387,0.28728294372558594
4,0,fbft,20,1.43,1.0,16384,194,452583,2.8203439712524414,2.7403478622436523,2.127102851867676,0.6132450103759766,0.27703309059143066
4,0,fbft,20,1.43,1.0,16384,195,466830,2.5691070556640625,2.499423027038574,2.152324914932251,0.34709811210632324,0.28530216217041016
4,0,fbft,20,1.43,1.0,16384,196,475423,2.77618408203125,2.750425100326538,2.3815619945526123,0.3688631057739258,0.2916090488433838
4,0,fbft,20,1.43,1.0,16384,197,495433,3.1287450790405273,3.0880630016326904,2.4718680381774902,0.6161949634552002,0.30138301849365234
4,0,fbft,20,1.43,1.0,16384,198,488989,2.6246960163116455,2.6008949279785156,2.2362959384918213,0.36459898948669434,0.30315589904785156
4,0,fbft,20,1.43,1.0,16384,199,466435,2.6207480430603027,2.604336977005005,2.2545769214630127,0.3497600555419922,0.28381800651550293
22,0,fbft,20,2.87,1.0,16384,198,959745,6.676842927932739,6.638546943664551,5.08939790725708,1.5491490364074707,0.5704059600830078
22,0,fbft,20,2.87,1.0,16384,199,883382,6.740952968597412,6.659600019454956,5.056305170059204,1.603294849395752,0.5367178916931152
22,0,fbft,20,2.87,1.0,16384,200,987690,7.816719055175781,7.801870107650757,5.529453992843628,2.272416114807129,0.5998799800872803
22,0,fbft,20,2.87,1.0,16384,201,995843,6.9500861167907715,6.898212194442749,5.275783061981201,1.6224291324615479,0.599776029586792
22,0,fbft,20,2.87,1.0,16384,202,893283,6.437319993972778,6.350704908370972,4.976470947265625,1.3742339611053467,0.5372540950775146
22,0,fbft,20,2.87,1.0,16384,203,952543,6.552849054336548,6.535163164138794,4.929986000061035,1.6051771640777588,0.5690391063690186
22,0,fbft,20,2.87,1.0,16384,204,898083,6.4195098876953125,6.389331817626953,5.008914947509766,1.3804168701171875,0.5463340282440186
22,0,fbft,20,2.87,1.0,16384,205,996132,8.28886103630066,8.241244077682495,5.232922077178955,3.00832200050354,0.5963318347930908
22,0,fbft,20,2.87,1.0,16384,206,nan,7.433213949203491,7.425149917602539,nan,nan,nan
10,0,fbft,20,1.43,1.0,16384,194,475588,3.0536880493164062,3.0330851078033447,2.3268909454345703,0.7061941623687744,0.28537988662719727
10,0,fbft,20,1.43,1.0,16384,195,533003,4.2468390464782715,4.230340957641602,2.745468854904175,1.4848721027374268,0.3166689872741699
10,0,fbft,20,1.43,1.0,16384,196,448087,2.8920130729675293,2.8095011711120605,2.1398491859436035,0.669651985168457,0.27822399139404297
10,0,fbft,20,1.43,1.0,16384,197,440122,2.9802699089050293,2.9527578353881836,2.2955520153045654,0.6572058200836182,0.2710719108581543
10,0,fbft,20,1.43,1.0,16384,198,439254,3.046983003616333,2.9560909271240234,2.1309590339660645,0.825131893157959,0.27387499809265137
10,0,fbft,20,1.43,1.0,16384,199,513866,3.2716031074523926,3.206245183944702,2.43823504447937,0.768010139465332,0.31833314895629883
10,0,fbft,20,1.43,1.0,16384,200,485238,3.0237510204315186,3.022599935531616,2.2944118976593018,0.7281880378723145,0.29078197479248047
10,0,fbft,20,1.43,1.0,16384,201,473280,3.1498329639434814,3.1418769359588623,2.4355480670928955,0.7063288688659668,0.28780698776245117
22,0,fbft,20,1.43,1.0,16384,198,472084,3.657020092010498,3.6033051013946533,2.4715700149536133,1.13173508644104,0.28771090507507324
22,0,fbft,20,1.43,1.0,16384,199,424901,2.9965128898620605,2.9710729122161865,2.306540012359619,0.6645328998565674,0.26525092124938965
22,0,fbft,20,1.43,1.0,16384,200,467211,3.536104917526245,3.437506914138794,2.710606098175049,0.7269008159637451,0.28796887397766113
22,0,fbft,20,1.43,1.0,16384,201,512762,3.765275001525879,3.762022018432617,2.8321869373321533,0.9298350811004639,0.3098940849304199
22,0,fbft,20,1.43,1.0,16384,202,464817,3.220690965652466,3.1289470195770264,2.4074480533599854,0.721498966217041,0.2858240604400635
22,0,fbft,20,1.43,1.0,16384,203,433683,3.299391031265259,3.2041449546813965,2.5294809341430664,0.6746640205383301,0.27161121368408203
22,0,fbft,20,1.43,1.0,16384,204,490553,3.806472063064575,3.7992091178894043,2.616698980331421,1.1825101375579834,0.3064711093902588
22,0,fbft,20,1.43,1.0,16384,205,495057,3.4594929218292236,3.4471919536590576,2.6834709644317627,0.7637209892272949,0.2998011112213135
16,0,fbft,20,2.87,1.0,16384,196,964117,6.18513298034668,6.143938064575195,4.70097804069519,1.4429600238800049,0.5759460926055908
16,0,fbft,20,2.87,1.0,16384,197,940702,6.463830947875977,6.450476884841919,4.788606882095337,1.661870002746582,0.5684659481048584
16,0,fbft,20,2.87,1.0,16384,198,861991,5.658138036727905,5.609545946121216,4.293188810348511,1.316357135772705,0.5405800342559814
16,0,fbft,20,2.87,1.0,16384,199,981255,6.701303005218506,6.651555061340332,5.172810077667236,1.4787449836730957,0.5994408130645752
16,0,fbft,20,2.87,1.0,16384,200,994101,6.578321933746338,6.543757915496826,4.861763000488281,1.681994915008545,0.60042405128479
16,0,fbft,20,2.87,1.0,16384,201,940979,6.238213062286377,6.17392897605896,4.739219903945923,1.434709072113037,0.5704350471496582
16,0,fbft,20,2.87,1.0,16384,202,886685,5.67400598526001,5.6587419509887695,4.31285285949707,1.3458890914916992,0.5441620349884033
16,0,fbft,20,2.87,1.0,16384,203,1012629,6.726196050643921,6.645977020263672,4.956798076629639,1.6891789436340332,0.6005208492279053
22,0,fbft,20,0.0,1.0,16384,198,4320,0.6469180583953857,0.5675411224365234,0.5119791030883789,0.05556201934814453,0.011034965515136719
22,0,fbft,20,0.0,1.0,16384,199,4098,0.2185649871826172,0.1783299446105957,0.12276697158813477,0.05556297302246094,0.009059906005859375
22,0,fbft,20,0.0,1.0,16384,200,4986,0.19639897346496582,0.1813969612121582,0.12320208549499512,0.058194875717163086,0.012002944946289062
22,0,fbft,20,0.0,1.0,16384,201,4986,0.2784550189971924,0.18048501014709473,0.12430000305175781,0.056185007095336914,0.011635065078735352
22,0,fbft,20,0.0,1.0,16384,202,3432,0.24829888343811035,0.17014193534851074,0.11419296264648438,0.05594897270202637,0.008624076843261719
22,0,fbft,20,0.0,1.0,16384,203,4986,0.22667503356933594,0.18186092376708984,0.12412381172180176,0.057737112045288086,0.010618925094604492
22,0,fbft,20,0.0,1.0,16384,204,4985,0.2095348834991455,0.18358778953552246,0.12410688400268555,0.059480905532836914,0.011126995086669922
22,0,fbft,20,0.0,1.0,16384,205,3432,0.1733229160308838,0.16402888298034668,0.11105108261108398,0.052977800369262695,0.008721113204956055
10,0,fbft,20,0.0,1.0,16384,194,4985,0.16376709938049316,0.10944819450378418,0.07517099380493164,0.03427720069885254,0.008734941482543945
10,0,fbft,20,0.0,1.0,16384,195,4098,0.6719849109649658,0.6535279750823975,0.45629310607910156,0.1972348690032959,0.008962154388427734
10,0,fbft,20,0.0,1.0,16384,196,4320,0.12555599212646484,0.10501909255981445,0.0720820426940918,0.032937049865722656,0.008420944213867188
10,0,fbft,20,0.0,1.0,16384,197,4986,0.19104790687561035,0.10750794410705566,0.07422614097595215,0.033281803131103516,0.009138822555541992
10,0,fbft,20,0.0,1.0,16384,198,4986,0.15946388244628906,0.11540889739990234,0.08064889907836914,0.0347599983215332,0.010380983352661133
10,0,fbft,20,0.0,1.0,16384,199,3432,1.2612121105194092,1.2512590885162354,0.49114108085632324,0.7601180076599121,0.007772922515869141
10,0,fbft,20,0.0,1.0,16384,200,4986,0.20838594436645508,0.1113128662109375,0.07648897171020508,0.03482389450073242,0.008529901504516602
10,0,fbft,20,0.0,1.0,16384,201,4986,0.1790940761566162,0.11867117881774902,0.08463621139526367,0.03403496742248535,0.008960962295532227
16,0,fbft,20,2.15,0.5,32768,110,1693997,10.72591495513916,10.723934888839722,8.24959683418274,2.4743380546569824,0.9771251678466797
16,0,fbft,20,2.15,0.5,32768,111,1660924,11.058393955230713,11.052468061447144,8.639641046524048,2.4128270149230957,0.9745290279388428
16,0,fbft,20,2.15,0.5,32768,112,1661397,10.714242935180664,10.713551998138428,8.243190050125122,2.4703619480133057,0.9953150749206543
16,0,fbft,20,2.15,0.5,32768,113,1636015,11.956754922866821,11.950986862182617,8.20974588394165,3.741240978240967,0.9705629348754883
16,0,fbft,20,2.15,0.5,32768,114,1595253,10.18682599067688,10.181318044662476,7.867511987686157,2.3138060569763184,0.9608988761901855
16,0,fbft,20,2.15,0.5,32768,115,1577515,12.411223888397217,12.407911777496338,7.771209001541138,4.6367027759552,0.9466109275817871
16,0,fbft,20,2.15,0.5,32768,116,1424936,9.307425022125244,9.302643060684204,7.148587942123413,2.154055118560791,0.846642017364502
16,0,fbft,20,2.15,0.5,32768,117,1360400,9.013817071914673,9.00986909866333,6.822695016860962,2.187174081802368,0.8269448280334473
16,0,fbft,20,2.15,0.5,32768,109,1735747,11.025201082229614,11.019904136657715,8.447786092758179,2.572118043899536,0.9883558750152588
16,0,fbft,20,2.15,0.5,32768,110,1687335,12.665018081665039,12.6616370677948,8.236001014709473,4.425636053085327,0.9699549674987793
16,0,fbft,20,2.15,0.5,32768,111,1633427,11.84198808670044,11.839538097381592,8.176083087921143,3.663455009460449,0.9735760688781738
16,0,fbft,20,2.15,0.5,32768,112,1602672,12.620206117630005,12.616652011871338,7.860793828964233,4.7558581829071045,0.9673759937286377
16,0,fbft,20,2.15,0.5,32768,113,1586145,10.171040058135986,10.170247077941895,7.866286993026733,2.303960084915161,0.9724910259246826
16,0,fbft,20,2.15,0.5,32768,114,1386749,9.97989797592163,9.979085922241211,6.955298900604248,3.023787021636963,0.8206350803375244
16,0,fbft,20,2.15,0.5,32768,115,1439458,10.368115901947021,10.364029884338379,7.155098915100098,3.2089309692382812,0.8649821281433105
16,0,fbft,20,2.15,0.5,32768,116,1480491,9.753530025482178,9.752362966537476,7.474088907241821,2.2782740592956543,0.8737568855285645
16,0,fbft,20,2.15,0.5,32768,109,1670450,10.932944059371948,10.928570985794067,8.271275997161865,2.657294988632202,0.9668600559234619
16,0,fbft,20,2.15,0.5,32768,110,1662870,11.139527082443237,11.13662600517273,8.635807991027832,2.5008180141448975,0.9908771514892578
16,0,fbft,20,2.15,0.5,32768,111,1599696,13.030297040939331,13.024424076080322,8.174479007720947,4.849945068359375,0.957892894744873
16,0,fbft,20,2.15,0.5,32768,112,1500869,10.733274936676025,10.730427980422974,7.402716159820557,3.327711820602417,0.9043660163879395
16,0,fbft,20,2.15,0.5,32768,113,1408592,9.2797110080719,9.27748990058899,7.112335920333862,2.165153980255127,0.823632001876831
16,0,fbft,20,2.15,0.5,32768,114,1381033,10.131619930267334,10.128334045410156,6.949454069137573,3.178879976272583,0.8157429695129395
16,0,fbft,20,2.15,0.5,32768,115,1449361,10.393006086349487,10.392526149749756,7.179582118988037,3.2129440307617188,0.850153923034668
16,0,fbft,20,2.15,0.5,32768,116,1537067,9.800084114074707,9.79412317276001,7.548474073410034,2.2456490993499756,0.9044640064239502
16,0,fbft,20,0.0,1.0,16384,196,4985,0.20895791053771973,0.14577388763427734,0.10103702545166016,0.04473686218261719,0.010686159133911133
16,0,fbft,20,0.0,1.0,16384,197,3432,0.7866089344024658,0.6922798156738281,0.08571887016296387,0.6065609455108643,0.009562969207763672
16,0,fbft,20,0.0,1.0,16384,198,4986,0.16141700744628906,0.14319205284118652,0.09823203086853027,0.04496002197265625,0.009574174880981445
16,0,fbft,20,0.0,1.0,16384,199,4986,0.2088150978088379,0.16401410102844238,0.09733200073242188,0.06668210029602051,0.010103940963745117
16,0,fbft,20,0.0,1.0,16384,200,4098,0.8162798881530762,0.7258028984069824,0.5182299613952637,0.20757293701171875,0.009124994277954102
16,0,fbft,20,0.0,1.0,16384,201,4319,0.23547792434692383,0.14584994316101074,0.10068297386169434,0.045166969299316406,0.009387969970703125
16,0,fbft,20,0.0,1.0,16384,202,4986,0.16780400276184082,0.14734101295471191,0.10185694694519043,0.045484066009521484,0.011926889419555664
16,0,fbft,20,0.0,1.0,16384,203,4542,0.6042189598083496,0.5422110557556152,0.49838709831237793,0.043823957443237305,0.012428045272827148
10,0,fbft,20,2.87,1.0,16384,194,893864,5.613307952880859,5.589501857757568,4.274271011352539,1.3152308464050293,0.5430011749267578
10,0,fbft,20,2.87,1.0,16384,195,1010996,6.3726630210876465,6.350011110305786,4.867715120315552,1.4822959899902344,0.6008419990539551
10,0,fbft,20,2.87,1.0,16384,196,966399,6.417269945144653,6.3734519481658936,4.727413892745972,1.6460380554199219,0.5972299575805664
10,0,fbft,20,2.87,1.0,16384,197,908761,6.2212440967559814,6.129645109176636,4.761981964111328,1.3676631450653076,0.5658409595489502
10,0,fbft,20,2.87,1.0,16384,198,968135,6.164146900177002,6.149202823638916,4.709062814712524,1.4401400089263916,0.589015007019043
10,0,fbft,20,2.87,1.0,16384,199,885507,5.996715068817139,5.984194040298462,4.482496023178101,1.5016980171203613,0.5527441501617432
10,0,fbft,20,2.87,1.0,16384,200,948881,5.975013017654419,5.926400899887085,4.526111841201782,1.4002890586853027,0.5725259780883789
10,0,fbft,20,2.87,1.0,16384,201,953768,6.102956056594849,6.031231164932251,4.6296610832214355,1.4015700817108154,0.5719170570373535
4,0,fbft,20,2.15,0.5,32768,106,1741152,10.404208898544312,10.400745868682861,7.876604080200195,2.524141788482666,1.0461368560791016
4,0,fbft,20,2.15,0.5,32768,107,1656039,10.11138391494751,10.107179880142212,7.673917055130005,2.433262825012207,1.0467901229858398
4,0,fbft,20,2.15,0.5,32768,108,1637068,9.08405089378357,9.081096887588501,7.747998952865601,1.3330979347229004,1.0322530269622803
4,0,fbft,20,2.15,0.5,32768,109,1605860,9.894206047058105,9.892950057983398,7.437350034713745,2.4556000232696533,1.0281181335449219
4,0,fbft,20,2.15,0.5,32768,110,1508022,8.659795045852661,8.658525943756104,7.333684921264648,1.324841022491455,0.9716048240661621
4,0,fbft,20,2.15,0.5,32768,111,1374076,7.465996026992798,7.465223073959351,6.45175313949585,1.013469934463501,0.866447925567627
4,0,fbft,20,2.15,0.5,32768,112,1466108,10.021750926971436,10.019234895706177,6.796446084976196,3.2227888107299805,0.9200201034545898
4,0,fbft,20,2.15,0.5,32768,113,1378553,7.663404941558838,7.657615900039673,6.51441502571106,1.1432008743286133,0.8619658946990967
4,0,fbft,20,2.15,0.5,32768,106,1721956,9.165236949920654,9.160326957702637,7.8925440311431885,1.2677829265594482,1.0429069995880127
4,0,fbft,20,2.15,0.5,32768,107,1745438,11.79428505897522,11.79332709312439,7.953037977218628,3.8402891159057617,1.0723562240600586
4,0,fbft,20,2.15,0.5,32768,108,1720832,9.12711501121521,9.125443935394287,7.8735480308532715,1.2518959045410156,1.0572230815887451
4,0,fbft,20,2.15,0.5,32768,109,1673879,11.435801982879639,11.433228015899658,7.794485092163086,3.6387429237365723,1.0395607948303223
4,0,fbft,20,2.15,0.5,32768,110,1652256,11.539757013320923,11.53941011428833,7.913909196853638,3.6255009174346924,1.054823875427246
4,0,fbft,20,2.15,0.5,32768,111,1638392,8.887201070785522,8.882081985473633,7.690611839294434,1.1914701461791992,1.0252759456634521
4,0,fbft,20,2.15,0.5,32768,112,1646908,8.850596904754639,8.848081827163696,7.636967897415161,1.2111139297485352,1.0353689193725586
4,0,fbft,20,2.15,0.5,32768,113,1554028,10.736017942428589,10.732741832733154,7.340575933456421,3.3921658992767334,1.015308141708374
4,0,fbft,20,2.15,0.5,32768,107,1654037,8.845468997955322,8.844841957092285,7.6422789096832275,1.2025630474090576,1.0432507991790771
4,0,fbft,20,2.15,0.5,32768,108,1560052,8.471383094787598,8.467223167419434,7.319179058074951,1.1480441093444824,1.0132029056549072
4,0,fbft,20,2.15,0.5,32768,109,1575442,8.441771984100342,8.436462879180908,7.283927917480469,1.1525349617004395,0.9861268997192383
4,0,fbft,20,2.15,0.5,32768,110,1456107,8.46471095085144,8.461145877838135,7.275084018707275,1.1860618591308594,0.9003620147705078
4,0,fbft,20,2.15,0.5,32768,111,1364530,7.634458065032959,7.6310341358184814,6.644143104553223,0.9868910312652588,0.8598389625549316
4,0,fbft,20,2.15,0.5,32768,112,1442086,7.783307075500488,7.778110980987549,6.7354209423065186,1.0426900386810303,0.8905560970306396
4,0,fbft,20,2.15,0.5,32768,113,1351359,8.310914039611816,8.309275150299072,6.341689109802246,1.9675860404968262,0.8570020198822021
4,0,fbft,20,2.15,0.5,32768,114,nan,6.978449106216431,6.973373174667358,nan,nan,nan
16,0,fbft,20,1.43,1.0,16384,196,477524,3.479990005493164,3.4015390872955322,2.67218017578125,0.7293589115142822,0.29491615295410156
16,0,fbft,20,1.43,1.0,16384,197,450449,3.29864501953125,3.2210450172424316,2.2112860679626465,1.0097589492797852,0.27762818336486816
16,0,fbft,20,1.43,1.0,16384,198,511213,3.389724016189575,3.3753669261932373,2.5947859287261963,0.780580997467041,0.331132173538208
16,0,fbft,20,1.43,1.0,16384,199,463797,3.523514986038208,3.4422478675842285,2.719348907470703,0.7228989601135254,0.3059349060058594
16,0,fbft,20,1.43,1.0,16384,200,459734,3.229170083999634,3.163607120513916,2.370988130569458,0.792618989944458,0.29842400550842285
16,0,fbft,20,1.43,1.0,16384,201,483416,3.295675039291382,3.226249933242798,2.4427149295806885,0.7835350036621094,0.308117151260376
16,0,fbft,20,1.43,1.0,16384,202,449728,3.3500449657440186,3.3028318881988525,2.410120964050293,0.8927109241485596,0.3020501136779785
16,0,fbft,20,1.43,1.0,16384,203,496748,3.436819076538086,3.366456985473633,2.570345878601074,0.7961111068725586,0.3298969268798828
22,0,fbft,20,2.15,0.5,32768,111,1660265,11.023699045181274,11.021752119064331,8.367238998413086,2.654513120651245,0.9899251461029053
22,0,fbft,20,2.15,0.5,32768,112,1637747,12.459182977676392,12.453525066375732,8.323384046554565,4.130141019821167,1.0127909183502197
22,0,fbft,20,2.15,0.5,32768,113,1587326,10.541505098342896,10.53577709197998,8.209275960922241,2.3265011310577393,0.9779231548309326
22,0,fbft,20,2.15,0.5,32768,114,1533451,10.182138919830322,10.179744005203247,7.864350080490112,2.3153939247131348,0.9393520355224609
22,0,fbft,20,2.15,0.5,32768,115,1464400,9.998768091201782,9.99602198600769,7.770368814468384,2.2256531715393066,0.8703041076660156
22,0,fbft,20,2.15,0.5,32768,116,1294637,8.816844940185547,8.81177282333374,6.904146909713745,1.9076259136199951,0.7303111553192139
22,0,fbft,20,2.15,0.5,32768,117,1571507,10.292797088623047,10.28878903388977,7.983309984207153,2.305479049682617,0.9406468868255615
22,0,fbft,20,2.15,0.5,32768,118,1333953,8.848324060440063,8.847618103027344,6.87952995300293,1.968088150024414,0.8276569843292236
22,0,fbft,20,2.15,0.5,32768,111,1741057,12.639686107635498,12.638343095779419,8.730279922485352,3.9080631732940674,1.0070879459381104
22,0,fbft,20,2.15,0.5,32768,112,1676061,11.492599964141846,11.488008975982666,8.53217601776123,2.9558329582214355,0.997776985168457
22,0,fbft,20,2.15,0.5,32768,113,1632846,10.909974098205566,10.907792091369629,8.464181900024414,2.443610191345215,1.002288818359375
22,0,fbft,20,2.15,0.5,32768,114,1657369,11.153650999069214,11.1493821144104,8.573046207427979,2.576335906982422,0.9892740249633789
22,0,fbft,20,2.15,0.5,32768,115,1585909,10.625288009643555,10.624478101730347,8.276125192642212,2.3483529090881348,0.9877219200134277
22,0,fbft,20,2.15,0.5,32768,116,1477994,9.748840093612671,9.74521517753601,7.56058406829834,2.184631109237671,0.8884408473968506
22,0,fbft,20,2.15,0.5,32768,117,1419873,9.715739965438843,9.709918975830078,7.5101470947265625,2.1997718811035156,0.8403220176696777
22,0,fbft,20,2.15,0.5,32768,118,1458495,11.041560888290405,11.040252923965454,7.710261106491089,3.3299918174743652,0.8784239292144775
22,0,fbft,20,2.15,0.5,32768,119,nan,8.749401092529297,8.746119976043701,nan,nan,nan
22,0,fbft,20,2.15,0.5,32768,111,1740334,11.368266105651855,11.364803075790405,8.726911067962646,2.637892007827759,1.005608081817627
22,0,fbft,20,2.15,0.5,32768,112,1707485,11.255346059799194,11.252592086791992,8.712923049926758,2.5396690368652344,0.9986681938171387
22,0,fbft,20,2.15,0.5,32768,113,1633874,11.016475915908813,11.01193881034851,8.581131935119629,2.430806875228882,0.9999570846557617
22,0,fbft,20,2.15,0.5,32768,114,1653733,11.094286918640137,11.089609861373901,8.363515853881836,2.7260940074920654,0.9809560775756836
22,0,fbft,20,2.15,0.5,32768,115,1637503,11.113538026809692,11.110166072845459,8.586620092391968,2.523545980453491,0.9880948066711426
22,0,fbft,20,2.15,0.5,32768,116,1558154,11.630091905593872,11.624994993209839,8.074678182601929,3.55031681060791,0.9516909122467041
22,0,fbft,20,2.15,0.5,32768,117,1312511,8.854013919830322,8.851236820220947,6.794512987136841,2.0567238330841064,0.7460629940032959
22,0,fbft,20,2.15,0.5,32768,118,1533791,10.558909893035889,10.554621934890747,8.196208953857422,2.358412981033325,0.8980679512023926
16,0,fbft,20,2.88,0.5,32768,109,1781413,11.349107027053833,11.346413135528564,8.568270206451416,2.7781429290771484,1.0464811325073242
16,0,fbft,20,2.88,0.5,32768,110,1787794,11.125691890716553,11.123507976531982,8.495447158813477,2.628060817718506,1.041368007659912
16,0,fbft,20,2.88,0.5,32768,111,1782209,11.497066020965576,11.495553970336914,8.881748914718628,2.613805055618286,1.045025110244751
16,0,fbft,20,2.88,0.5,32768,112,1794896,11.198726892471313,11.19664978981018,8.570083856582642,2.626565933227539,1.046828031539917
16,0,fbft,20,2.88,0.5,32768,113,1795569,11.519068956375122,11.516860961914062,8.79233694076538,2.7245240211486816,1.0572550296783447
16,0,fbft,20,2.88,0.5,32768,114,1764360,11.408135890960693,11.402754783630371,8.493458986282349,2.9092957973480225,1.0518460273742676
16,0,fbft,20,2.88,0.5,32768,115,1792811,11.367690086364746,11.364583015441895,8.586025953292847,2.778557062149048,1.0493619441986084
16,0,fbft,20,2.88,0.5,32768,116,1786797,11.172199964523315,11.17099905014038,8.53532099723816,2.6356780529022217,1.056879997253418
16,0,fbft,20,2.88,0.5,32768,109,1783059,11.168304920196533,11.164114952087402,8.559937953948975,2.6041769981384277,1.0390880107879639
16,0,fbft,20,2.88,0.5,32768,110,1793863,11.168260097503662,11.163084030151367,8.528921842575073,2.634162187576294,1.044395923614502
16,0,fbft,20,2.88,0.5,32768,111,1781537,11.121607065200806,11.120476961135864,8.511935949325562,2.6085410118103027,1.04246187210083
16,0,fbft,20,2.88,0.5,32768,112,1783720,11.110351085662842,11.106839179992676,8.502456188201904,2.6043829917907715,1.0445199012756348
16,0,fbft,20,2.88,0.5,32768,113,1788515,11.195735931396484,11.194859027862549,8.585034132003784,2.6098248958587646,1.0447909832000732
16,0,fbft,20,2.88,0.5,32768,114,1787784,11.140415906906128,11.135385990142822,8.528493165969849,2.6068928241729736,1.04795503616333
16,0,fbft,20,2.88,0.5,32768,115,1774599,11.100704908370972,11.099702835083008,8.503896951675415,2.5958058834075928,1.0483381748199463
16,0,fbft,20,2.88,0.5,32768,116,1785780,11.144146919250488,11.142062902450562,8.535101890563965,2.6069610118865967,1.0438940525054932
16,0,fbft,20,2.88,0.5,32768,109,1801646,11.144409894943237,11.142900943756104,8.50855302810669,2.634347915649414,1.0460021495819092
16,0,fbft,20,2.88,0.5,32768,110,1794884,11.61535096168518,11.613910913467407,8.779996871948242,2.833914041519165,1.0510649681091309
16,0,fbft,20,2.88,0.5,32768,111,1781400,13.205096960067749,13.203537940979004,9.271480083465576,3.9320578575134277,1.0362439155578613
16,0,fbft,20,2.88,0.5,32768,112,1773839,11.092648983001709,11.086709976196289,8.498224020004272,2.5884859561920166,1.038593053817749
16,0,fbft,20,2.88,0.5,32768,113,1800740,12.501229047775269,12.497650146484375,8.548176050186157,3.9494740962982178,1.047044038772583
16,0,fbft,20,2.88,0.5,32768,114,1775182,11.064388990402222,11.060688018798828,8.454599142074585,2.606088876724243,1.0508708953857422
16,0,fbft,20,2.88,0.5,32768,115,1803041,11.314203977584839,11.313297986984253,8.669749975204468,2.643548011779785,1.0530738830566406
16,0,fbft,20,2.88,0.5,32768,116,1781255,11.108820915222168,11.10397481918335,8.48997187614441,2.6140029430389404,1.0514459609985352
10,0,fbft,20,2.88,0.5,32768,108,1782066,11.106071949005127,11.10492205619812,8.416218042373657,2.688704013824463,1.0408148765563965
10,0,fbft,20,2.88,0.5,32768,109,1776905,11.0485520362854,11.046725034713745,8.222958087921143,2.8237669467926025,1.0405020713806152
10,0,fbft,20,2.88,0.5,32768,110,1801647,11.841732025146484,11.83598804473877,8.74031400680542,3.0956740379333496,1.0469799041748047
10,0,fbft,20,2.88,0.5,32768,111,1781391,10.860371112823486,10.859371185302734,8.280519962310791,2.5788512229919434,1.0457110404968262
10,0,fbft,20,2.88,0.5,32768,112,1787259,12.171397924423218,12.16739296913147,8.279336929321289,3.8880560398101807,1.0424590110778809
10,0,fbft,20,2.88,0.5,32768,113,1774208,10.91110610961914,10.90937614440918,8.329843997955322,2.5795321464538574,1.0462539196014404
10,0,fbft,20,2.88,0.5,32768,114,1795046,10.927305936813354,10.925355911254883,8.329204082489014,2.596151828765869,1.054764986038208
10,0,fbft,20,2.88,0.5,32768,115,1788141,10.98304009437561,10.977084159851074,8.381575107574463,2.5955090522766113,1.0447309017181396
10,0,fbft,20,2.88,0.5,32768,108,1779769,11.030195951461792,11.028847932815552,8.430007934570312,2.5988399982452393,1.0435669422149658
10,0,fbft,20,2.88,0.5,32768,109,1779685,11.026665925979614,11.023717880249023,8.322612047195435,2.701105833053589,1.047654151916504
10,0,fbft,20,2.88,0.5,32768,110,1765829,11.488801002502441,11.482868909835815,8.649590969085693,2.833277940750122,1.0453300476074219
10,0,fbft,20,2.88,0.5,32768,111,1781408,10.872770071029663,10.872143030166626,8.231014966964722,2.6411280632019043,1.04671311378479
10,0,fbft,20,2.88,0.5,32768,112,1801489,10.948668956756592,10.942775011062622,8.309031963348389,2.6337430477142334,1.0464661121368408
10,0,fbft,20,2.88,0.5,32768,113,1797505,10.967185020446777,10.965130090713501,8.34395718574524,2.6211729049682617,1.0483849048614502
10,0,fbft,20,2.88,0.5,32768,114,1788510,11.464500904083252,11.45841097831726,8.563743114471436,2.894667863845825,1.0555040836334229
10,0,fbft,20,2.88,0.5,32768,115,1768046,10.982817888259888,10.978235006332397,8.275294065475464,2.7029409408569336,1.0522289276123047
10,0,fbft,20,2.88,0.5,32768,108,1783789,11.537875890731812,11.533155918121338,8.625587940216064,2.9075679779052734,1.0364160537719727
10,0,fbft,20,2.88,0.5,32768,109,1795128,11.60174298286438,11.601043939590454,8.661421060562134,2.9396228790283203,1.048619031906128
10,0,fbft,20,2.88,0.5,32768,110,1788133,12.25584888458252,12.251247882843018,9.150556087493896,3.100691795349121,1.0410759449005127
10,0,fbft,20,2.88,0.5,32768,111,1794879,11.701260089874268,11.700273990631104,8.642610788345337,3.0576632022857666,1.0448038578033447
10,0,fbft,20,2.88,0.5,32768,112,1777050,11.537306070327759,11.534212112426758,8.609632968902588,2.92457914352417,1.0368001461029053
10,0,fbft,20,2.88,0.5,32768,113,1795417,11.708735942840576,11.704272985458374,8.75487494468689,2.9493980407714844,1.0459461212158203
10,0,fbft,20,2.88,0.5,32768,114,1768056,11.4684739112854,11.462424993515015,8.568740129470825,2.8936848640441895,1.0503029823303223
10,0,fbft,20,2.88,0.5,32768,115,1806602,12.033160924911499,12.03049087524414,8.796212911605835,3.2342779636383057,1.0460429191589355
4,0,fbft,20,2.87,1.0,16384,192,965883,5.208858013153076,5.1877219676971436,4.404464960098267,0.783257007598877,0.5807919502258301
4,0,fbft,20,2.87,1.0,16384,193,960324,5.273956060409546,5.24077296257019,4.533445835113525,0.707327127456665,0.5741848945617676
4,0,fbft,20,2.87,1.0,16384,194,918782,4.988322019577026,4.903914928436279,4.232863903045654,0.671051025390625,0.5686030387878418
4,0,fbft,20,2.87,1.0,16384,195,979537,5.290898084640503,5.237675189971924,4.461140155792236,0.7765350341796875,0.5835480690002441
4,0,fbft,20,2.87,1.0,16384,196,881699,4.896655082702637,4.873463153839111,4.2285261154174805,0.6449370384216309,0.5320091247558594
4,0,fbft,20,2.87,1.0,16384,197,991717,5.434570074081421,5.363917112350464,4.64093804359436,0.7229790687561035,0.5885851383209229
4,0,fbft,20,2.87,1.0,16384,198,938506,5.0590009689331055,4.988059997558594,4.303621053695679,0.684438943862915,0.5679800510406494
4,0,fbft,20,2.87,1.0,16384,199,903048,4.997009992599487,4.933682918548584,4.274075984954834,0.65960693359375,0.5486328601837158
4,0,fbft,20,0.0,1.0,16384,192,4986,0.1489560604095459,0.06671309471130371,0.05228900909423828,0.01442408561706543,0.008060932159423828
4,0,fbft,20,0.0,1.0,16384,193,4986,0.1662120819091797,0.06795406341552734,0.05352306365966797,0.014430999755859375,0.008735895156860352
4,0,fbft,20,0.0,1.0,16384,194,3432,0.07300209999084473,0.05715799331665039,0.04327678680419922,0.013881206512451172,0.0072021484375
4,0,fbft,20,0.0,1.0,16384,195,4986,0.08240890502929688,0.06810784339904785,0.052958011627197266,0.015149831771850586,0.008192062377929688
4,0,fbft,20,0.0,1.0,16384,196,4986,0.10189294815063477,0.06897497177124023,0.05392909049987793,0.015045881271362305,0.008188009262084961
4,0,fbft,20,0.0,1.0,16384,197,3432,0.11035895347595215,0.05732393264770508,0.04381608963012695,0.013507843017578125,0.014868021011352539
4,0,fbft,20,0.0,1.0,16384,198,4986,0.09979796409606934,0.06786704063415527,0.053254127502441406,0.014612913131713867,0.009364128112792969
4,0,fbft,20,0.0,1.0,16384,199,4986,0.15632390975952148,0.06761479377746582,0.052845001220703125,0.014769792556762695,0.00868988037109375
4,0,fbft,20,1.43,1.0,16384,192,491598,2.6920430660247803,2.6436870098114014,2.279021978378296,0.36466503143310547,0.29775381088256836
4,0,fbft,20,1.43,1.0,16384,193,511609,2.930095911026001,2.8460209369659424,2.468008041381836,0.37801289558410645,0.3048520088195801
4,0,fbft,20,1.43,1.0,16384,194,443811,2.780505895614624,2.7420639991760254,2.145731210708618,0.5963327884674072,0.27890610694885254
4,0,fbft,20,1.43,1.0,16384,195,489334,2.8142828941345215,2.7910358905792236,2.2481799125671387,0.542855978012085,0.2955770492553711
4,0,fbft,20,1.43,1.0,16384,196,469670,2.84184193611145,2.742173910140991,2.361406087875366,0.380767822265625,0.2869579792022705
4,0,fbft,20,1.43,1.0,16384,197,489688,3.0288400650024414,2.9274749755859375,2.3020408153533936,0.625434160232544,0.2965891361236572
4,0,fbft,20,1.43,1.0,16384,198,439595,2.3963379859924316,2.387449026107788,2.0589771270751953,0.3284718990325928,0.2822589874267578
4,0,fbft,20,1.43,1.0,16384,199,470496,2.7520060539245605,2.7198221683502197,2.3696022033691406,0.3502199649810791,0.28709888458251953
22,0,fbft,20,2.87,1.0,16384,198,973017,6.860932111740112,6.842314004898071,5.110410928726196,1.731903076171875,0.585536003112793
22,0,fbft,20,2.87,1.0,16384,199,941997,6.560503959655762,6.509623050689697,4.840713024139404,1.668910026550293,0.5678150653839111
22,0,fbft,20,2.87,1.0,16384,200,899563,6.264547109603882,6.193985223770142,4.8049070835113525,1.389078140258789,0.5510749816894531
22,0,fbft,20,2.87,1.0,16384,201,1013990,6.845902919769287,6.834138870239258,5.022515058517456,1.8116238117218018,0.620460033416748
22,0,fbft,20,2.87,1.0,16384,202,910030,6.431843996047974,6.366060018539429,4.999543905258179,1.36651611328125,0.5485718250274658
22,0,fbft,20,2.87,1.0,16384,203,933934,6.360613107681274,6.298182010650635,4.901904821395874,1.3962771892547607,0.5608720779418945
22,0,fbft,20,2.87,1.0,16384,204,973163,7.286447048187256,7.253942012786865,4.82220196723938,2.4317400455474854,0.5870177745819092
22,0,fbft,20,2.87,1.0,16384,205,908034,6.791286945343018,6.78515100479126,4.721166133880615,2.0639848709106445,0.5542500019073486
10,0,fbft,20,2.15,0.5,32768,108,1665234,10.264724969863892,10.26345705986023,7.846433162689209,2.4170238971710205,0.9730348587036133
10,0,fbft,20,2.15,0.5,32768,109,1774878,10.843183040618896,10.840237140655518,8.299175024032593,2.541062116622925,0.9807090759277344
10,0,fbft,20,2.15,0.5,32768,110,1615194,11.831899881362915,11.831460952758789,8.061918020248413,3.769542932510376,0.9711039066314697
10,0,fbft,20,2.15,0.5,32768,111,1644947,11.362131118774414,11.357438087463379,7.751889944076538,3.605548143386841,0.9628698825836182
10,0,fbft,20,2.15,0.5,32768,112,1602376,9.890458106994629,9.886892080307007,7.571345090866089,2.315546989440918,0.9535231590270996
10,0,fbft,20,2.15,0.5,32768,113,1576278,9.820048093795776,9.815481185913086,7.531185150146484,2.2842960357666016,0.969310998916626
10,0,fbft,20,2.15,0.5,32768,114,1517333,9.367955923080444,9.364989042282104,7.183431148529053,2.1815578937530518,0.8855910301208496
10,0,fbft,20,2.15,0.5,32768,115,1417025,9.125613927841187,9.125138998031616,6.8788111209869385,2.2463278770446777,0.8381459712982178
10,0,fbft,20,2.15,0.5,32768,108,1751965,12.220393896102905,12.2153799533844,8.37418508529663,3.8411948680877686,0.9914500713348389
10,0,fbft,20,2.15,0.5,32768,109,1680492,10.442615032196045,10.43956708908081,7.876963138580322,2.5626039505004883,0.9727919101715088
10,0,fbft,20,2.15,0.5,32768,110,1656942,10.948118925094604,10.944461822509766,8.555855989456177,2.388605833053589,0.965472936630249
10,0,fbft,20,2.15,0.5,32768,111,1636866,10.077122926712036,10.072760820388794,7.70454478263855,2.368216037750244,0.9725401401519775
10,0,fbft,20,2.15,0.5,32768,112,1640161,11.29869294166565,11.292764902114868,7.7515058517456055,3.5412590503692627,0.9619381427764893
10,0,fbft,20,2.15,0.5,32768,113,1588065,9.893853902816772,9.890772819519043,7.584080934524536,2.306691884994507,0.9601261615753174
10,0,fbft,20,2.15,0.5,32768,114,1460660,9.539155006408691,9.536854028701782,7.084403038024902,2.45245099067688,0.8946528434753418
10,0,fbft,20,2.15,0.5,32768,115,1487028,10.516731023788452,10.515727043151855,7.020335912704468,3.4953911304473877,0.8660111427307129
10,0,fbft,20,2.15,0.5,32768,108,1747457,10.81825590133667,10.81488585472107,8.221796989440918,2.5930888652801514,0.9871408939361572
10,0,fbft,20,2.15,0.5,32768,109,1714100,10.735493898391724,10.734368801116943,7.999488830566406,2.734879970550537,0.97416090965271
10,0,fbft,20,2.15,0.5,32768,110,1666700,11.761111974716187,11.758267879486084,7.891865968704224,3.8664019107818604,0.9806938171386719
10,0,fbft,20,2.15,0.5,32768,111,1687239,10.39667296409607,10.394999027252197,7.941524028778076,2.453474998474121,0.9625029563903809
10,0,fbft,20,2.15,0.5,32768,112,1628550,10.06703495979309,10.063894987106323,7.719870090484619,2.344024896621704,0.9673640727996826
10,0,fbft,20,2.15,0.5,32768,113,1619055,11.472453117370605,11.471041202545166,7.871165990829468,3.5998752117156982,0.9623630046844482
10,0,fbft,20,2.15,0.5,32768,114,1561608,8.74495792388916,8.739388942718506,7.560749053955078,1.1786398887634277,0.9565639495849609
10,0,fbft,20,2.15,0.5,32768,115,1510474,9.601578950881958,9.59767484664917,7.298856973648071,2.2988178730010986,0.8955709934234619
10,0,fbft,20,1.43,1.0,16384,194,447607,3.0482699871063232,3.0004870891571045,2.324700117111206,0.6757869720458984,0.27039289474487305
10,0,fbft,20,1.43,1.0,16384,195,490981,3.640623092651367,3.547696113586426,2.5020830631256104,1.0456130504608154,0.3018331527709961
10,0,fbft,20,1.43,1.0,16384,196,455143,2.892488956451416,2.8552119731903076,2.1717159748077393,0.6834959983825684,0.2795679569244385
10,0,fbft,20,1.43,1.0,16384,197,493281,3.11476993560791,3.067199945449829,2.326874017715454,0.740325927734375,0.3003377914428711
10,0,fbft,20,1.43,1.0,16384,198,474811,3.143686056137085,3.136674165725708,2.4250051975250244,0.7116689682006836,0.2928919792175293
10,0,fbft,20,1.43,1.0,16384,199,474480,3.397705078125,3.3742001056671143,2.2561709880828857,1.1180291175842285,0.29056406021118164
10,0,fbft,20,1.43,1.0,16384,200,428702,2.7807118892669678,2.718864917755127,2.0726850032806396,0.6461799144744873,0.27849912643432617
10,0,fbft,20,1.43,1.0,16384,201,485668,3.308784008026123,3.215074062347412,2.488348960876465,0.7267251014709473,0.29612302780151367
22,0,fbft,20,1.43,1.0,16384,198,494055,3.505976915359497,3.5042359828948975,2.7371950149536133,0.7670409679412842,0.2993631362915039
22,0,fbft,20,1.43,1.0,16384,199,464266,3.1242260932922363,3.106154203414917,2.3842921257019043,0.7218620777130127,0.2898390293121338
22,0,fbft,20,1.43,1.0,16384,200,470923,3.2056779861450195,3.175446033477783,2.4423611164093018,0.7330849170684814,0.2931380271911621
22,0,fbft,20,1.43,1.0,16384,201,472333,3.1629350185394287,3.150130033493042,2.41526198387146,0.734868049621582,0.29154086112976074
22,0,fbft,20,1.43,1.0,16384,202,456319,3.104733943939209,3.046025037765503,2.3357150554656982,0.7103099822998047,0.27927112579345703
22,0,fbft,20,1.43,1.0,16384,203,504867,3.4014880657196045,3.322601079940796,2.541628122329712,0.780972957611084,0.31239795684814453
22,0,fbft,20,1.43,1.0,16384,204,424717,3.324979066848755,3.2771949768066406,2.295714855194092,0.9814801216125488,0.2779240608215332
22,0,fbft,20,1.43,1.0,16384,205,510296,3.4237849712371826,3.3554399013519287,2.5610499382019043,0.7943899631500244,0.3256649971008301
16,0,fbft,20,2.87,1.0,16384,196,959480,6.440809011459351,6.390892028808594,4.882293939590454,1.5085980892181396,0.6046199798583984
16,0,fbft,20,2.87,1.0,16384,197,952590,6.489059925079346,6.419226884841919,4.69542384147644,1.7238030433654785,0.5940380096435547
16,0,fbft,20,2.87,1.0,16384,198,920099,6.492377042770386,6.412012100219727,4.783535003662109,1.6284770965576172,0.5915250778198242
16,0,fbft,20,2.87,1.0,16384,199,970687,6.30249810218811,6.266510009765625,4.794355869293213,1.472154140472412,0.5997161865234375
16,0,fbft,20,2.87,1.0,16384,200,952912,6.479280948638916,6.386487007141113,4.780388116836548,1.6060988903045654,0.6019229888916016
16,0,fbft,20,2.87,1.0,16384,201,885905,5.983936071395874,5.924276113510132,4.56547212600708,1.3588039875030518,0.5674450397491455
16,0,fbft,20,2.87,1.0,16384,202,1006033,7.155632019042969,7.153855085372925,5.182329177856445,1.9715259075164795,0.61639404296875
16,0,fbft,20,2.87,1.0,16384,203,923968,6.323016881942749,6.27868390083313,4.865026950836182,1.4136569499969482,0.5612211227416992
